COL_0,COL_1,COL_2,COL_3,Y
-0.26899882389636187,2.0470588061838333,-4.6872964223754385,-0.8738524319992038,2
0.4397451304970359,-1.8847290903800773,0.2641969139163065,1.7344924600733358,1
0.0024812762087836893,1.8735064629697835,0.16092413838654185,2.684805617321236,2
-0.6644474903033565,-0.9931980584273677,-1.6114778293128464,1.3760719587033297,1
2.8294841295183337,2.5416235053655036,0.96806849659943,-0.09938749386864376,0
2.528963116975315,1.6804114014729428,5.330251563855104,3.483631212717491,2
2.191529416070306,1.8896961305089643,-0.4935429571959473,-0.41101142220063847,2
0.7194550105541142,0.8443186814103245,0.8352550078698053,-1.511012629952668,0
-2.7577739541594104,-1.1150341703918292,-0.14309804893424016,0.1657344086346787,2
-1.3314228393728844,-0.744882936710194,-0.8289749790674259,0.4672853060024784,1
0.4099092659958039,-2.9250752697591826,1.1359639404692594,0.29903206241145885,2
-2.689613732986126,-0.27766182583972787,1.950428019676757,1.1764064731579267,2
-0.938289790014501,0.03778255140288955,-0.24577823650859565,-0.3864947900806974,0
-0.9239234141174655,-0.837799620877385,-0.6043220790012022,1.2738352709011598,1
-1.6538025735623294,-1.9669795669273182,1.269828501824004,-0.6485076309837836,0
1.7913331224922737,1.4474348959761547,2.293276272322518,-1.4177758692309013,0
1.3067608217403304,-0.06252425811181395,1.457970876319258,0.3646725117513907,1
1.5455856337996847,2.1984282469609138,-0.7793440635054711,-0.293315419992751,0
3.691172625224198,-1.9062439779998588,1.5861615144804388,0.7489762405850675,1
-2.1077114076496963,-2.5977299894150834,0.4895315311159397,-0.4447368893352508,2
1.892990152417313,-0.25679980935548885,0.13156263085215247,1.5908881238647896,2
0.884686310162431,-2.3530451303813753,0.6114257686096122,1.6125992945700403,1
1.458074930294504,-0.2779493778184553,1.1235794908010863,0.58292884429189,1
1.9047679118179257,1.5300822876184277,-0.6524724423172998,-0.32225352388296646,2
0.6460994922068335,-2.4012141829913074,1.5314328273791866,0.768070846941613,2
-2.657323088040469,-2.753939698104336,-0.011441269047742342,1.8079260297365223,0
-0.38245018694631516,-1.210951458518685,0.15889534135442496,1.4729371631692336,1
-3.2294879397016802,-1.3810355569117325,1.33152791277314,-0.2708291769652049,2
2.9689047537054396,-0.2010255612972769,-0.1399904267228258,-0.46969730604475357,2
-1.509263905821973,-0.683656271808631,0.5358233727334307,0.5063755973546136,0
3.011245591160989,-0.28056636123195655,0.48385072858095723,0.13962167448881802,1
-0.0283950297785569,-0.08435089548646779,-1.6719902226552474,-2.6915761028243983,0
-1.7148156817956917,-0.6013333620804673,0.5572012397831545,1.3600290461597253,1
-1.279995312258476,-0.997057385521995,-0.1685160212554988,-0.2635044268232396,0
-0.7339165096196221,-2.178858893416981,0.26322145612738435,0.3789819888789302,2
-0.20080449325707717,0.04332510233689302,-1.9521512806657828,-1.8279886205450013,0
1.288143581707,-3.155511157328439,1.106263141388093,2.079502213161012,1
2.0208889865685458,1.4779448815540812,4.307191885024413,3.3774459546128988,2
0.06032443029871448,-1.8182347256177511,0.41966728613839477,0.07816256894132989,1
-2.3082078582163374,-0.2933859053366772,-3.952434643948436,0.9934953032265863,1
2.4784637512321543,1.3215051536429963,1.2906567117552,-0.2827487973254972,1
-1.9060606936446887,-2.1052229896677215,-1.6670915647154543,0.6200844646946944,0
1.1020618197428755,0.5683019519179127,-3.5594879717282026,-0.8001344261752672,2
-1.167874664132359,0.5768492726978827,1.34616179414687,2.4348351738928073,2
-0.8311539647466148,-1.8813977587858997,1.0456152367735185,0.3482072398465186,2
-1.4323456416890048,-0.923882843720289,-0.1479272580226647,0.47028151155081876,0
0.8203256055836472,-1.0697653790600028,2.6807624711171414,-2.3095223865505723,0
1.9420523642726342,-0.11347862641010953,-1.7881188712927312,-0.7617221905736276,0
0.8008320201717793,-1.555501947252117,0.3846949822729102,1.7344798147132856,1
1.4306689893175706,-0.5051714823779301,1.1795521721731248,0.6520213173765725,1
2.880265599315438,-0.3963157180051544,0.731124830042534,0.41498240629675465,1
-3.7337487684823465,-2.4196812940588326,-1.329965956659347,2.0161252040645667,1
-1.6613429299312634,-1.5290146063998584,0.33580786140508945,0.8644022061335848,2
1.6644288603724264,0.3171712890612477,0.3001321512088777,1.5918860763523492,2
1.1259040674870224,1.3852205949260936,1.217735832871856,-2.311229059517273,0
0.5119888924676861,0.7570045651112767,-0.10840335078368168,2.83744608042303,2
1.997406593330759,1.2457524465190617,2.233766051673907,-1.0668708032521954,0
1.523953024407489,3.1420620403935646,1.8252872125596555,0.8943597009097489,2
-1.5912885537718164,-1.213092934979507,-0.10043738068302543,0.30141178299212545,0
1.3697763541860186,0.9507807373052896,-2.677664364787221,-0.061660608740013556,2
0.8990017118934179,-0.5781813354674511,1.1477111110723024,0.6707979565059985,1
-0.6250395130015569,0.3662944675211198,-3.6155534466884776,2.3592880749194425,2
-0.7909565623905015,-1.3221507814969256,-0.4840518306553495,0.5162603754321358,1
-0.2211212294942848,-0.15837395307023538,-0.5684851084118303,1.2976065791213465,1
-0.9924791554485116,-1.423124131406209,1.1139587818773893,1.1998048019881231,2
2.182117506844744,-0.48892309015772417,1.038844500063648,0.5226841283643431,1
-0.35186711481490707,-0.41743148958846754,-1.2705748708438795,-2.230189079153714,0
-0.9234958341454713,1.2221000868524008,-1.5989222964773295,3.265739694816393,2
-1.036164414094905,-1.7699139583704415,-2.301738868589081,-1.5615557859801688,0
2.1211803886509775,0.8557694437270368,1.611409905352402,0.710486264256811,2
2.097810056345244,0.763179674332251,-1.463707551157126,-0.645388419001161,2
-1.601194229870785,-0.44495172373701797,1.4164856679116151,1.1185304866131371,2
1.7888100575215955,2.6404966849427414,1.6989981138146233,-0.39124351486029485,0
0.7221880100447675,0.29971439882132855,0.7141874157690251,-0.4021549366286795,0
-0.9637944754923952,-1.1246422224908474,-0.41862038200696894,-1.406486992708842,0
2.5934726608426577,0.6950768496001765,-0.8669390864202615,0.8970272693580479,1
-1.8540031114759559,-1.7194721949919063,-1.710573954178966,0.957859441550305,0
-2.324044988645456,-1.3273968896289676,-0.3928266332300956,2.543674053558834,0
-0.9949111802363297,-1.1848118734652986,-1.6471290498695144,1.5216136837093628,1
-1.1823844494507645,-0.9905498739780927,-1.106088120663044,-0.1865775993608343,0
2.6494669365781727,0.5719100471716703,-0.2940295885306692,-0.05191638474373539,2
1.7120890719970823,-0.5125244916664324,1.3698594284341123,-1.6924333619553376,0
2.6417942783267745,0.9386260637367603,3.16049730549616,-1.7140122017769532,0
2.149355898654539,-1.3136284604926152,1.0302848801683242,0.8458441326609447,1
-0.22263154543491326,1.6222099954486806,-2.0095055892169498,1.4450357807531582,2
-1.821473564103075,1.4655101322542436,0.6277069403599269,-1.9634364938485698,0
-2.3929403752913743,-1.2745184088781905,-0.8908952656679311,1.8825422956659774,0
0.057095823246894106,-1.1433128059858966,-1.4059396066238858,1.3605460509816543,1
-0.18784601633693676,-1.1191957733479057,-1.4303050147402556,1.0531953644134333,1
0.15827034103199433,-1.367781892583779,1.2986822052873608,1.0476393439874045,2
-0.3127755385692972,-0.45809080839951677,-0.7781646434318181,-2.553213136470322,0
1.8050269349880868,2.2887657206716883,-0.14967253105494382,0.3211998501091443,2
2.0302374163842805,0.9937690713830174,1.5322222417747433,-2.2442864778017535,0
0.3299465942385005,-0.47363066001821064,0.1975405068111049,0.9797529066929062,1
0.03972774183047245,-0.2752153005936173,-0.24422454544884387,0.14158456351595117,0
0.2531086302134722,-1.4121054556432684,0.3934495453755642,0.9680105939884509,1
-0.3243278212713868,-1.5785836963274702,-0.9052637165964605,0.6564444359461816,1
-1.0929790449835477,-1.3710415763424262,-1.464256496408955,-1.058581328489367,0
-2.0965507855362957,-0.5260261410014988,-1.1820487747762933,-2.368394819977248,0
0.3288436604786066,0.42714978494494094,-5.191123837456855,-1.0265007677588671,2
0.6311592120240446,-0.2690692476402441,1.0921738427701646,0.7318220102748201,1
-1.4170437406168088,1.5371300099782474,0.8543257507182787,-2.177889221877017,0
1.3569633865251727,0.06712175561548928,1.6997271122378217,-0.7725250344730127,0
-0.6405462147605081,-1.8345825463634076,-0.20909372973295914,0.40169781394193615,2
1.194043123564648,1.0582003083564895,3.698283158994994,-2.0649081797584863,0
0.9503850828198894,1.1362668574839976,3.8732754712968127,-1.968630370112438,0
-0.9538532542154985,-0.6420050281680488,-0.15192269474863185,-1.0164608203869534,0
2.0775102710290145,1.2033522230291636,0.5268009224253877,1.6209638154127082,0
-1.8873499435688605,-1.685124046491255,-0.6181035247532161,0.8628643680570898,0
1.3138426780945123,1.2746944364935096,1.1540363729323913,1.9522089463166803,2
0.45159493796528016,1.8955277827914911,-1.5267886296146345,-0.6175795430228732,0
0.979491675270299,1.1587451475082402,-0.7788972145796185,1.4713153000645967,2
0.6377849706130709,-1.2027375611854012,0.8404087290750369,1.1362230556388988,1
0.2125072790930913,0.13541812222252547,-1.93118125718772,-3.2953479782941733,0
-1.0259789961587453,-3.3384417290003,0.23883187044813958,-0.3589109486912063,2
1.6090918222401975,1.80132280389586,-1.9761473087163177,-0.6906887600895095,2
0.6862869063772293,1.9328586544666713,-2.6237678299369493,-0.1958330280878524,2
2.3858259993482687,0.5385465072500206,2.0256583215720063,0.009144697916571243,0
-0.2350851492319206,-0.37800714420803905,-0.9661725341694393,-2.4992983127555854,0
2.2239814752094595,0.18591905125274266,-0.7548488294621554,0.31757102688066785,2
2.051678277276009,2.0900933537783803,3.0195679510724283,2.0853417266403724,1
0.5511883624268543,0.25014870117408194,0.8360712496620977,0.8062903130763165,1
1.2225902307386471,-1.189619245174986,0.7833446041605421,-0.31680258399002303,1
-1.8232447942476415,-1.3355213022480428,-1.801725288658862,1.326507937030734,1
-0.7762574476229582,-0.7118028267274414,-1.3659406468881268,-1.4586883708137224,0
-0.424859624152766,0.11797788493991801,-1.4148484475775938,-1.3373946705794213,0
-2.717001308226479,-2.2253065294648704,0.8689165497021345,0.1995264607209628,2
-0.11649524685897661,-1.2978984647287497,-1.7062339666604533,-3.932235731744696,0
-0.7226744800713858,-0.32183348897193076,1.6132513090944363,1.2709635622358133,2
-2.2789513542703848,-1.356998230507138,-0.6876169296012462,1.1632949062222488,1
-0.6269105856849735,-0.868112908895301,0.5287742500102852,1.2920556219421844,1
-1.8265445469905106,-1.5002496960643275,0.2773344041569078,0.9175548128106915,2
0.5366893264337781,-2.2243445554419226,0.8180077466388662,1.685554113486815,1
1.7626964010399209,0.07925598577028037,0.8559850718509315,0.38110903656956185,1
-0.4820528749641422,0.2899718347257981,0.19177674669166755,4.083904381162256,2
-0.09738751937824386,0.31976103891405594,0.6670247723548499,0.06295303643512762,0
0.8731959840087176,0.81683375864033,-3.128825410078936,-0.0516881832095617,2
0.6159285104074418,0.7221627717773734,-0.2675101792177861,2.2652549692713904,2
-0.9339638910966439,-0.22923497195389686,-1.2895501917277667,-0.18413147203391456,0
1.8140517409157961,1.0377884587817316,2.892417863861084,3.1068538225420896,2
-0.7833055814410421,-0.9508830300317715,-1.2859932524077875,-1.5981306967507098,0
1.3849137840811756,0.7023375949439452,-1.8488014218622162,0.615497381317852,1
-0.7295798014285153,-1.0829775445334584,0.943354778441309,0.9198390590798434,2
1.3739665259616611,0.542740469020197,3.723449801129016,-1.2856700939255876,0
0.2553591167255378,-0.9429776126975704,0.9977721447326449,1.2546463534827854,2
-0.8814628313340871,-0.8103443283233016,1.0901240812262483,0.8382416027745663,2
-2.0960670616362336,-1.1904799862472568,0.280758517394073,1.9200578024241102,0
0.46265677761157886,1.2451279854327781,1.1670878994072877,-2.8323708096331,0
-0.07144861082992704,0.5434198221164608,2.3780044959487405,-1.1001525024023382,0
0.17272564238331678,0.36382565249426924,-0.4508389155124899,-0.5545393666305931,0
1.149968442207963,-0.35262826328202745,0.9972098891185175,3.6968898235424184,2
0.3338825471387935,-0.39358363795653806,-0.8972917772578952,2.193445785411794,2
-1.2607733465599853,-1.9803507820658988,1.0349364027953267,0.3060920808061337,2
1.0790023925661403,-0.8112385190672406,1.2946731989162454,0.5182889459281959,1
-1.1974343162855345,-0.5502342276102493,1.306796999906645,0.8696577123901443,2
-1.0481095750562106,-0.45741682983674836,-0.4868982971272833,-0.21987840273231374,0
0.5169015340418834,0.08783392884270613,1.002410897057594,0.42618051466607887,1
0.02083053087749165,1.6442481656322636,2.5844016382262485,3.4923335312937884,2
0.9539467366050858,-0.45495658340181633,0.868083768731968,0.906760648920282,1
-1.425102756390381,-2.9177379222060056,0.7802374690191232,-0.6759357037927298,2
-1.1691895554478324,-0.9609716487788162,0.12448469192179923,-0.6958114421112784,0
1.7646054802318831,-0.81377522550427,0.8947338878341633,0.5760958387034663,1
-2.120352232588786,-1.3571855921318068,-1.1428052207655923,1.3011143760192867,1
-1.674095461868779,-1.3839445321074733,-1.9808051507128257,1.2538431061287105,1
-0.6028454217158928,-0.7541429602552872,-2.076553270891388,-1.4639409723598036,0
0.68755278342818,1.3329121127844668,-1.199058189042467,0.8792740121737483,2
0.3441737760918744,0.22780892650067375,-3.705960955859908,0.33811508320934935,2
1.1124698901359347,-0.25937039596139366,1.5536416428501287,0.3157862902935471,1
-0.004187944078525518,-0.704781212179536,2.371223004295503,1.9298864610794615,2
-2.0208266629694918,-0.9754132015097423,-1.1083021366960288,1.3594756716144292,1
-0.4204764860205987,-1.001933513147021,-0.7620330836377139,-2.72845465692082,0
-0.32734041043712025,-0.647300014171738,-0.71148617947531,-2.6640628680453666,0
2.283488401843504,1.8135269186660983,0.8787456015711008,0.383545648003194,2
0.03570073373495519,-1.5436444884408962,1.0684059410293938,1.3930356121676821,1
-0.8837185360401354,2.987196551673715,-3.607528583586365,0.05197726442150841,2
0.18777494574705034,0.1841785785293346,-1.6558592355290864,-3.2619432575515623,0
2.293623447885647,1.261392686120118,0.46620096164165914,0.06268398237637296,0
1.938043910816061,-2.5081812487332873,1.4493520088580212,1.1622356054454759,1
-1.1791306237858215,-0.6102037184851523,-0.8896667847832964,-0.1387417291051526,0
-1.117096075447634,-1.101700878612501,-0.23543124823371298,-0.6382399885350967,0
-1.694897342341425,-1.3494228256750533,0.5565061877972388,0.15411630081101602,0
1.866035327983134,1.6553733402928388,0.988008165394763,0.2073401119181133,0
0.9055212886214545,0.6754399930328832,-0.20671598182932338,0.6430711143541447,1
-2.244411628551622,-1.8003855367297619,-1.9086987866055825,1.1615599495452371,1
-0.5387703584963082,-0.0867525244242886,2.7409047313714776,-3.908275664191534,0
-1.1245168500187692,-0.04093465392856843,1.008170609608941,1.588140021370689,2
2.5461240732682304,1.2547936194152673,-0.48100904933947486,-0.17986847772048087,2
1.8486520500623982,2.4636908024037085,-1.389278228716437,0.9312084416386568,0
-0.13076175735771456,0.01439768959787191,-2.004754202813212,-2.12612122875728,0
1.8348138446462068,0.5873169156770811,0.4315585247540925,0.9897887163689025,2
-0.2587494663437694,0.05957533228422385,-1.45348141129821,-1.9123983818661086,0
0.7444869808153621,1.1560668541764536,0.48910573077605424,2.5248853245359424,2
0.690850252723268,-1.6308312193545755,0.7610878767449138,1.638569224065582,1
2.2955033677172354,2.1687050914360846,0.897684896993616,0.028232450932494046,2
0.9656745611089761,1.4861066226460427,-0.1274063253903447,1.4944388578388885,2
2.6929403937720857,0.5726466648547008,-1.29066583398295,-0.9809435222023928,2
0.6936008748649047,0.7679839535303057,0.31715660094281595,2.718267439821936,2
0.9454047839510629,0.5508502458635602,-3.036898110124937,-0.11635588850452638,2
-0.763351779943665,-1.3556442978992198,-1.0964390991839572,-1.9504562472936415,0
-0.7681952920441331,2.098424558855855,-3.188611970732371,0.9134619336161471,2
-0.24696571461939976,-0.33308190943761173,-0.8725388827523011,-2.7181294444375723,0
2.3868435394512035,-0.8695415821605124,1.911900042767579,0.13470258559646053,1
0.790672696351086,-0.0318987243991371,1.1245552370931984,2.45978760125172,2
0.47777012204183555,0.7861024206646172,-1.937384028878709,0.21315308085459106,2
-0.9823816646904551,0.3598791334115852,-1.2350400062860778,0.6086074703082403,0
-0.11960315108229058,-0.12682327417670636,1.775909406865521,2.1046980854002366,2
-4.003712522259631,-2.1858713244938697,-0.20496472967337231,-0.5038046873532771,2
1.6559508040528128,0.7599893955066503,-3.3897239409710056,-1.325506738494616,2
2.3048518985446993,-0.19654119016463312,1.0822583123483742,0.6307372822124895,1
-1.312288991481335,-0.8543751714186711,-1.4489098353415277,0.43867308688919593,0
0.9236345815684444,-2.3375982846055345,0.9041195622359021,1.9449898263542715,1
2.8254744212686247,1.2826022751536987,-0.0131687108270091,-0.4883004707563132,0
-0.20055486016252044,-1.0511465475737785,-3.0911084599402354,-3.6066946227408714,0
2.038781170193259,-1.0894260294500548,-1.6566990874325935,0.7903515649397115,2
0.8372828628014559,0.38978002330599626,1.2006805795928082,0.41946483522814193,1
0.35365902056917764,1.4852895555150671,2.5803431225772155,2.6807116129088557,2
-1.9696033735576102,-2.072445638849108,0.7834044181156044,0.3686967170995685,0
0.861183355635628,0.853139070006665,0.9662954312442953,-1.4708653715508646,0
-0.8991096553261022,0.2987420286168416,1.2613163994280268,1.8848169793204854,2
1.0153796717781,2.6042277001670397,-0.24536388135426002,-2.3963076663505696,0
0.09237977574319745,-1.513833213994983,0.7690370245422515,1.3136654103603473,1
-0.8377307125846805,-2.233289529875223,0.43125317997706736,2.1141382149051413,1
0.09650542033635023,-2.2826120537550114,0.41077158085296905,1.883854383861471,1
-1.80030098127978,-1.884878473637655,0.23696595593276015,0.16907512713317696,0
1.6499722953463447,1.7686776013670609,0.11335009306891242,0.6499583712599581,0
1.6622698814431196,1.4416417181643446,0.7305682793144526,-1.2033559983954758,0
-1.5496348024708249,1.4289335731684378,2.620476066453161,2.3785611626146492,2
1.6805318345434173,0.9969121949858256,0.4530408147866922,1.0489275153291677,0
1.169084285456476,-1.0475866580253255,1.0264663812804788,1.5508051007040713,2
-1.897031812748881,-2.840494520587285,0.12183140173160167,-0.42100070538038814,2
2.276079011592328,-0.0536874722853975,-2.765846565014912,-0.5657454582426482,2
-1.8370847228247014,-0.8963470627467403,-1.8516294543244352,2.1616902715822004,1
-0.7753305009150739,-3.5296796903521646,-0.29070733686012673,-0.20410017936484115,2
0.8788366290029557,0.2488708431863127,2.513343269877949,2.7179613549560955,2
-1.9705898534899533,-0.9300188595723842,-2.6976654940162925,0.9423023133305986,1
1.2339678625916228,-1.0151771703844235,1.3464120177910233,0.16028311630341197,1
0.6101872183236795,1.4235609723638563,0.6705235877158672,-1.64546117983348,0
1.093527682499443,0.6473695037908922,-0.5130288927209881,-1.1806473855251998,0
-3.483446581848423,-0.632436034552173,-2.2666700775624617,1.2848695165217463,1
-0.20473742510939474,1.2617105973579772,-0.695553633650948,-0.8804009121991465,0
-0.16062812828631579,1.7480639484202563,-2.1666835884350797,0.9434374475897316,2
-1.8791352565341857,-1.3317944661322587,-2.546143179251473,1.3523733531097364,1
1.2037855693437467,2.5201048059400772,-1.6881383472398244,-0.41915040142933435,2
1.5003756355033544,0.056630458025431984,2.3146520971854,-1.736220169405641,0
-2.570698781606886,-1.8403459396207542,0.034562118731976677,2.709150549840257,0
0.2800816792709362,0.8832107680323941,-2.714321180751866,0.44816923382890783,2
1.1751523546143718,-4.6850950420968775,0.9897834180509718,2.632062502547659,1
-0.7862174170473528,-0.016648915632071493,-0.759551336777782,-0.7828691364752296,0
1.092534965573887,0.7924255583149666,-0.6407483914978989,1.464071978798102,2
0.9514196914716206,1.0991909421142194,-0.9430447647183168,1.291928083328683,2
0.7210651181885127,-1.1221727402964792,0.7635345958495244,1.3776341836431332,1
-0.5057154244993579,-1.6468714369610282,0.9515459609450859,0.9807190750590978,2
-1.047027484499539,-3.3247002930939393,0.1360465398212144,-0.08554179532257677,2
-0.8991568627566804,-2.096432895368001,0.6134890829679471,1.967035991442012,1
0.00179464428103282,-0.8250956277240398,0.2279407622351819,1.1335453576288175,1
-1.740884648957651,-0.03928580949064264,1.492213270232121,2.0437456446835114,2
-0.05795281218341297,0.3067887583779023,1.5250926392255568,-0.31089721987394947,0
-2.428354400959309,-1.816428951611325,0.9736425541874449,1.787963682711181,1
-0.9111598573393975,-1.23307510280765,0.5750548524733291,1.3017744104165656,2
-0.6054108180688,-0.6599961254589016,-1.3720272014473194,-1.60951204297635,0
-2.609823539500989,-1.0391888968759098,1.3300225869088464,0.7905136486396466,2
1.5429460903580248,1.8950481815080915,0.5478413217072938,-1.286656385649742,0
0.8570287564945183,-1.401779405786022,0.5671377230646821,-0.074513611201944,1
0.3007648550587181,-1.491296435525888,0.7668772722475534,1.1553040170780322,2
1.7696235242566045,-3.343775235051838,1.4259598245585452,1.7692841213082016,1
-0.7200841893726757,-0.588120696643136,-2.02662326138534,0.5967597014781837,1
-0.8558654715110939,-0.7150930004511569,-1.396421467505041,1.4132075582384918,1
3.0656859824564195,0.6061654329569138,2.2691670156593178,1.1586319971044956,2
1.087402650659779,0.4750318230314454,2.4302613140702016,-2.2310895417117793,0
0.1530124751216715,0.9707370875501076,1.5413765471585783,-1.3156574539773493,0
-2.473393924549031,0.32851548760104476,1.2575874778384006,1.4658381921413945,2
0.5786274815114281,0.7673899354864546,-0.21503998895302145,0.3213514995115454,0
-1.2569332632378551,-2.34646203167419,0.7342690437475364,2.0998982881730766,1
2.041176362587616,2.4479410582318506,1.243580257148303,-1.658875653588336,0
0.7355359735278217,1.0641593860869174,-1.107327479416333,1.1970319593820742,2
1.5538938786337513,1.888624991462213,-0.6436905690757704,-0.4381298864859322,0
-2.7967296180330155,0.2618071327138618,1.7357410020705626,1.1750537308387947,2
1.6467562445545947,0.9108337546550781,2.741963255234169,-2.2124834521761145,1
-0.6053317589302538,-4.107094466933097,0.9388022404904334,2.4861746409728016,1
-1.1485389584237686,-0.5827057719012612,-1.5021227765285765,0.9650184209435217,1
1.429872765150257,0.9411561038338705,-0.5002229430898351,0.8259434532098628,0
-0.7229876409775557,1.4511448016340105,-3.917514619017141,0.9105477856751855,2
-1.1033501668366,-1.0675783125580605,0.6811280154221608,1.0544454513997632,1
-1.588113480465283,-0.8098802008929629,0.6235505685295999,0.9034164375901439,2
2.145796409220732,0.5844734812283326,1.7081877235207505,1.9561299235696652,2
-0.70791945569486,-0.8264441191196861,1.2079107344513935,1.4555020619510097,2
0.9251792395872653,-0.07671751952585981,0.22987643028361626,0.32095935855093716,0
-0.14039141922941667,-0.9003404259158289,0.2815854506602693,1.1229367787789142,1
0.8905536429290318,-0.8771306467732265,1.3658031919982876,0.7433954420277544,1
1.815605125317533,-0.10620782213392599,-2.6084110481134193,-1.1240851532648386,2
-1.7070637661051993,-1.2115976449202717,1.0070815090469871,0.9552634892139393,2
-0.5130765899646645,0.1386722054664411,1.0812186726188249,2.0631087485992152,2
0.1751086470477643,-0.1670597600818634,-3.450210834579229,-3.0581161917600634,0
0.3545619621809992,-0.26837571625058887,2.0435662478706327,-1.6991015964886653,0
1.5502546001047721,-0.37325331196816725,0.2861323259070936,0.9670653284882982,1
1.6129732531252974,0.654624178717547,0.32483472547406333,1.27593916167692,2
0.8882669081503323,-1.9760562714331296,0.3451857191945732,1.3836426571163338,1
1.5692415421304973,0.6469045797735198,2.2756495297844257,-0.20019593238290168,0
0.2597498461847987,1.863766131986817,-1.2128955749670718,1.5722772020297502,2
0.7297360793550229,-1.086696321268907,1.7180910382275072,1.9373356350730657,2
1.125794096456501,-2.0332031788872964,1.6600347601429393,1.1956721640548658,1
-1.4541150998164145,-3.5034228117520216,-0.2025954640956984,-0.9024518993735713,2
-0.814688541090856,-0.7314730978693662,-1.973775265741893,-1.1092230921208537,0
0.024128234100821322,0.7481407482521393,2.73594733303268,-3.6803864634145356,0
2.0024956855121028,1.5063045047792012,1.2973882545537334,-0.4428991446678918,1
0.41223828011869135,1.2940532130993294,-2.4663926114267607,0.7100341156202974,2
-1.5218160966318077,-0.6555933610161098,0.21801740118350654,0.46840109200201185,0
-2.737103438152368,-0.6568556135550452,1.13067298072281,0.5982965057601961,2
-1.1555515212141847,-0.8399940079208386,-0.6208072312428072,-0.44261824610552003,0
-0.23176376348803096,1.0443013952630276,-0.5953353322159445,-0.4308019413430083,0
2.799753903583979,1.345343040537529,0.04643433013429843,0.7397162985750376,0
1.7433624420768692,1.7823307766146081,0.9885722622180136,-1.0128841633345775,0
-2.1022808919176157,-1.2593628884126176,2.3443362074041403,0.7353307023993809,2
0.984552175083761,1.2480622734673652,-0.03418244850224528,-1.5716834163008335,0
0.29360726787570257,-0.16882012914893418,1.201948233162925,0.6741273027400673,1
-0.737352654427666,-1.256464093327387,-0.11442615308230286,0.9932702846445132,1
0.4796443310023415,1.4372063265844106,0.3775722413275413,-1.0860730435758712,0
-1.231404821989564,-0.5849389601783265,1.5835619815733186,1.181408722818016,2
0.6899037576655334,-1.0642055026941364,-0.6430532882884155,0.6529108589967874,1
3.277334165040008,-0.7271652019773345,1.5340658744616897,0.157911091306571,1
-0.10395724952516505,-0.7056469676681009,-0.5392886670661903,0.8503308799729332,1
-2.2711868588415602,-0.5963642221008049,-3.0801298724964608,0.7149433722355685,1
0.7996943795507232,2.0079723547772077,-1.9858709063540958,-0.0028160026094161683,2
-3.0253903037332037,-1.0276945690783057,-3.8025434719064695,1.5708533258945703,1
-0.17775213666272927,-0.3639000111228563,0.34340571332248526,0.2734568700156206,1
-0.7158210337454818,-0.08030764036227023,0.976715817005968,2.0434891712673267,2
1.5362863578966084,1.8774786351553312,-1.1177440373733258,0.14493280451766388,0
0.6098726551540223,0.17848254452045076,2.7776027072090796,2.2231016423209544,2
-0.3689994057470223,2.8813241026815866,-1.4588853556094759,1.2323427219137415,2
0.9753165384986906,0.4156565807410191,-1.6327459279763925,0.05557777997221247,1
-0.5738890245211508,-1.0112866521673207,1.6546086756927498,1.3428897571748404,2
-2.8973266625260568,-2.6733222363174023,-0.5152538862572811,2.2345349055507664,1
0.31012686985195437,1.2786476211169482,-1.8119784060869097,0.9978019083558148,2
-1.491279142497805,-1.5899772914579997,0.8620348254827648,-1.1226571766852178,0
-0.9214196654124172,-1.3019786238546325,-0.20409856411815053,2.013932508602097,1
-2.321737915680192,-2.0289993432689353,0.23644635071126596,-0.38791892861272403,2
-1.145082312448687,-0.24348401388387264,0.6123916217533073,1.3495340151887445,2
-1.280606590679069,-2.844458606139761,-0.87186115367531,0.13132130704309009,2
1.387322177636001,0.2386999885866301,0.5912253949213625,0.541671234969259,1
0.5853849865218164,0.25434965020713673,2.1875078226879965,2.1794506157075046,2
0.07393430932949485,1.0255341300222918,0.15118583614634085,-1.3610818570304244,0
-1.5213448306385409,-0.37568895974620564,-2.5000441234288067,1.7111959843651199,1
0.28841465740215755,0.08180058759460573,-0.765772954675826,1.0468422794655055,1
1.5350027815265785,2.0217300463874057,-2.577738101739512,2.0385462677494144,0
-0.8478042639954853,0.24111287282713822,1.9733092993080947,-1.5372894608086127,0
0.1730069609607574,-0.10758934756816907,-1.9696295039824028,-2.9570295861561213,0
2.184678836823975,0.5565883816641619,1.1592251489206384,0.16962374569056826,1
-2.788714192301777,-1.159323978474,-3.941027384413493,1.1296401622832588,1
-1.6589237364844565,-2.7077412223043265,-0.5316542835881797,-0.3520698252691641,2
-0.97393227527874,-0.928557403751324,-0.892326581176493,-1.1612739397188325,0
-0.5638570375224881,-0.5488258089503976,-1.1249426064040968,1.2832336718742154,1
-0.5046878224513531,-0.52088911928537,-1.5061293500612678,1.0530535449010754,1
-0.14760682043399376,-0.36893349929442154,0.5208935945724005,0.9807569453798473,1
0.9762222101520286,-0.8195028608293244,0.9222656124748769,0.11983783558455419,1
-2.826998032452122,1.0311796793405472,1.8624113714286936,1.3055432519832737,2
-0.49271783683604675,0.21628220592515102,-0.9844691801352807,-1.5337090981143837,0
0.6066672484344813,1.5347809957878216,2.0942805729867935,3.311600056633887,2
-0.23016112698804303,0.9419523907853258,-1.891107109486943,-0.48483541215368653,0
-1.5085743084706076,-1.3190278158245121,-0.9855300642777156,0.07380288092578602,0
1.3690843513289916,-2.3196784629852503,1.0623319563129854,1.7258046175614252,2
0.4978491860241836,0.27987883199559116,-2.6803234910807596,-3.9082406974512276,0
0.3900063119917163,1.782772673044815,2.728833717294469,3.5911305687498567,2
-0.3533159445434402,-0.3350174434766726,-6.649364747891241,-0.12757544379803432,2
0.4971983359016512,1.0025707292958224,-0.18414985419458052,1.9677447537572905,2
-1.3061009532592143,-0.46068566875862205,0.24955337854532855,0.4556637722296002,0
1.230132067764853,-1.0761618632273755,0.3890875294519517,1.2871671416564725,1
0.8238303292561557,0.5350928334724453,0.4478346695946369,2.284506307944063,2
0.13743763683064436,1.623678504893213,0.42521245685304354,-0.021026735730874768,0
1.8914969620912363,1.1024210386252458,2.0557647256244023,1.8315578881558643,2
0.39935717665623716,-3.105119856232783,0.2863448872737332,2.0720989052001464,1
0.7938983500446908,-0.6402304866534605,4.358209852707464,-0.10043186827294348,0
-1.9575063816967417,-2.8301639823374916,-1.4489536122551878,0.1091345067909133,0
-0.6865497740801209,-1.3128205322938693,-0.008213562015468634,1.0473772304780657,1
-0.8032598163670819,-0.44605221226641667,0.6464367498723487,1.5176790043672654,2
-2.2274234909315926,-3.0567945561743968,1.071954737425699,0.1363796458446972,2
0.07978513716620195,-0.8249826094701076,-0.6201251964776355,0.8565839127519538,1
-1.3994149457042744,-2.1876133285097987,1.3791456617927718,0.09541822130592292,2
0.9989260402956776,0.6188167727180844,-0.6076383658468434,2.160771616923382,2
0.009059711409407867,-1.5468709541827874,1.2950607996378127,1.4853064493631385,1
0.9323949150944792,-0.07706078358779556,0.8259678462021354,1.0768802790598642,1
1.8712950815579217,-0.026235306952852477,3.0354697705273646,-1.3044077339344304,0
-1.7610215295258322,-0.31153554699101893,1.4988809475386544,0.9637223918255313,2
-0.6438346676674557,-2.162821268387191,0.6368050291606635,0.8515937417327385,2
-2.9599164768332256,-2.2183130823808046,0.2725746646710072,3.3754951628983036,0
-0.2142225825699393,-2.1134868395153954,-0.5038981436367003,0.30712463305182436,2
-1.3471872370567528,-0.44489608157362626,0.5395253807914847,1.3881611737487922,1
-2.4998384666685447,-1.2172773114211033,-1.1632811521391906,1.47486979840185,1
-2.58213859565653,-1.2773940781414859,-3.023538942167423,1.4103069675210151,1
-0.8481161414780847,-1.2155618360118905,-1.6500992404191965,-1.8273057829358357,0
0.9461419190646475,-0.5984864743407408,0.31259225309489413,1.3155694015809156,0
0.3812796918818723,-0.2685629965408891,-1.5707274705758751,2.1605489022888644,2
-0.39937301768609834,-0.656871585899054,-1.505746777113263,-2.6698707865036946,0
-0.3103332405708725,0.13521321027197752,-0.6602169291184399,3.805166230851562,2
-1.174418389743833,0.2152859912638051,-3.609149967635514,2.138966438409762,2
-1.6988975510933666,-2.00610731944414,0.36723426503114864,1.0309528059354225,1
2.0383863080328197,1.9116322444470044,1.7522610381859058,0.6282947872965123,0
0.6884851840215376,-0.36979989335969266,0.7157025203494489,1.146265124060735,1
1.414339118744043,2.2670741500275837,1.7426620988692192,-1.2005987853351563,0
1.940639572723823,-0.03996480048446038,0.25140479389062675,0.9254850890924277,1
0.2030485216573854,1.3123724564311194,0.8104460772660846,3.3947079598824144,2
-1.1105235128143909,-2.412059651911468,0.5139129861318417,0.23701170765222146,2
-1.444880579668852,0.21876382435224384,0.9861130176232252,1.4707978089282647,2
0.27761914851079417,-0.7542828904092491,1.016463065398517,-0.6926655170278166,0
-0.9355362013086448,-0.965101208387233,0.33206111430877383,1.442594567516732,1
-1.465650719735704,-1.7220551407805058,1.0746157889059718,0.21171441086522136,2
1.5435380568063297,0.5666517520211273,-1.9069412300540307,2.4119846872711013,0
0.06936704873903965,-1.0268052509467585,1.0696385849558827,1.0545277872564236,1
-1.3119839958798065,-2.0756134627552534,-1.8032739617029283,-1.5153884191065585,0
-0.16727952429502613,-0.4808722385502999,0.8466646803484748,1.8702748775928106,2
-1.645844426572385,-2.4853782535593862,-0.08252081664240718,-0.4452605666506142,2
-1.137115917452563,-0.5399567738158336,-0.5292464023819172,-0.24824687521776756,0
-1.1443085831743218,-0.6550217173192492,-1.3961891866474665,0.6297810876514327,1
0.015889861062304167,-0.32171474264294275,-3.4762993103560826,1.0732187297054125,2
1.0873311726543275,0.8479970080225643,0.25068364200836024,1.5835914557730937,2
1.507333246590337,0.3039163612024217,-0.36166300093925585,0.7315391136132954,0
-1.8373274074385697,-2.107587769088784,0.7822905538118139,-0.2802481527021077,0
-0.95511088178309,-0.9848498989050576,-0.8693372418961562,0.5423101349055219,0
-0.8545362105254898,-3.0304378049275678,-0.1350915931853922,0.020992375123117135,2
-1.6686838329215785,-0.42455987154126684,1.4741912857844537,1.0763535930613797,2
0.6335335327081075,1.0496891401164798,-0.3287268970332613,-0.1408185131989108,0
2.4154634005023983,-1.5221438086437395,1.052624023286146,0.8472646869640498,1
2.306299270831099,1.1459634896840798,3.269983271903399,-1.0486685836194396,0
0.8524062805010413,-0.7132831766817934,1.4639688047873418,1.9465273365776663,2
1.744015647805699,-0.17614434352956554,1.1638008519001275,0.30563216140710625,1
-0.8282320674098951,-1.636661070059331,-2.0745755180794596,-1.9692133862232992,0
-0.9816076713000748,-2.0195933899485476,0.33469383841801625,0.20460586743853604,1
-0.4173037705911631,0.35137796738640026,-0.34403076436229196,0.27992958506411747,0
-0.4031710267130717,-0.8687005279934941,-1.1735455856427577,-2.976877637895299,0
0.7875444961305923,0.9409951281639674,2.650612043408672,-3.081425697399495,0
1.061439560760971,0.3159633341331187,1.7587497528532985,-0.7960231184713239,0
-0.6657595223451325,-0.8920532975300981,0.9454329028330837,-2.0491300113856257,0
0.6733886124842106,-1.130950512989003,0.9624215351446946,1.2198886378830582,1
0.5205304359130452,-0.9041693142951218,0.6752608528549457,1.1912581323428983,1
1.2018310278265938,-1.6675032666709595,0.3672481440490716,1.5089579684882606,1
1.44479264983414,1.5461779299608684,0.19840708045280397,0.20903691104690236,0
-0.4765520941980178,-0.0015096506077343363,-1.6971481917829228,-1.351777415074707,0
-0.030912284496993347,0.07511577795647928,-1.4760681863390408,-2.670896962632342,0
-1.2360571446452213,-2.457833648215932,-1.1359709478649116,-2.0985744990926953,0
0.9014371336973275,0.7261420916115936,-0.5397819947841886,-0.1300541749784322,0
1.0767665972193303,-1.4920704033813925,1.1380464780133073,1.2190159286238447,1
-1.1827000132643706,-0.9690472501856845,0.6179187165100815,-0.9422518678899413,0
0.6373067682590726,-0.7795283003302176,0.6402005905645958,1.136656120667369,1
2.9279952430988043,-0.10023701683765329,1.7101309059516647,-0.022402936731074075,1
0.5157501706819938,-1.1348324229234157,-0.3849779526664059,0.6387367772535592,1
0.15485434356822747,-1.2624720226314214,0.9887708648006067,1.2653353407288366,1
-1.0776822433532864,-2.293492109650191,0.1665374930794501,-0.8120251597050558,2
-1.0436945959957824,-1.455374732367528,-1.2379526849922338,-1.4176980816204607,0
0.29259638701429924,1.388508648368437,-1.260995176727587,1.133150567072743,2
1.9294811877572453,0.8631127136309316,1.6027419953961526,0.4553579240445691,0
0.27413139830335054,0.08503374503865024,1.577829726039657,-0.9443535001615757,0
1.3485720668585996,0.8771450669161918,0.3327253731973687,1.3384768185712974,2
-1.1267324135846677,-2.0345313865145527,1.612440561672372,0.4731170470514968,2
-1.2626639558486352,-1.773521344918085,0.6519760512471572,0.27990266639735717,2
1.9525698716315896,-1.1328435099705103,2.212782010385162,0.6825252343130338,1
0.5549131208391341,1.4101870373580072,-2.6181728314167643,0.16466349351362086,2
0.9951716689165336,1.6404858075357631,-1.1734503723021494,0.5498565436745771,2
-0.5351056669270129,-0.6544323719876841,1.4011397197942124,2.2044066735041543,2
-2.907455398517604,-0.6159470057980551,-3.3040377874302953,1.5531063791765718,1
1.6279503061062193,0.11973640331804158,-0.5105882510858835,1.0776458542940297,2
0.013914234579330942,-1.2287842351279863,1.3239848309583016,1.097842044196497,1
1.4908836461194364,-0.1749060802867164,1.1097504183134161,0.44640534098767937,1
1.454322720093549,2.572911254294967,-0.1273870449983363,0.18358209458640595,2
-1.0912173727558694,-1.1764523397228939,1.0647487062392025,1.2851662209614263,2
0.4499154380946957,1.749935909150428,0.8129409771141517,-2.4257617546400163,0
0.7354889185708768,-0.16358491986043389,0.9950211142839356,0.5946356066928037,1
0.10501256285916183,-3.4674626980188,0.785549474606177,0.7660606275504965,2
-1.8347018813511164,-1.8854344249402235,-0.9542592384798894,0.620331424226819,0
-1.033182183579144,1.9985162778532128,-3.044096458727501,1.5645621287663543,2
-1.7227120877408222,-1.300325896983932,0.3608736206884071,0.383790340487282,0
-1.7744870283509298,-1.7829841660409849,-0.6787370257271457,0.6570949897959175,0
1.3602201137846281,0.5113416120570184,-0.21830502681660935,0.5938792381373079,0
3.599368422992069,0.5637308299700403,-0.28740278898439886,-2.053265661220623,2
-1.0694037330602812,0.12481128162085886,-2.5105890205541037,1.1358204456824956,1
0.04470691781262026,-2.937319757122065,1.788971512836949,1.6906931511257564,1
0.6782762492920049,-0.12223686001575595,0.1296666224588081,-1.1938271838224586,0
-2.8267976068815934,-1.09141781435008,1.3481324388625464,4.163258415738916,0
-0.021709619664301405,1.056578732991583,0.4848136527321998,3.188373964573408,2
0.33663369324517955,2.0916944756462676,1.3020374463256004,-2.8847914335424423,0
0.6821725871975989,1.5642229088927937,0.23717670662536827,1.8404863527417916,2
1.5219249190674091,0.35338902428991525,0.66680520543165,1.6347251941863767,2
1.6817067058843493,2.0866785783569446,4.786112246970713,-2.51004075340309,0
0.09137024684793671,-0.002740071894157814,-2.3929752159946056,-2.9769002394255257,0
-0.013223425275127543,0.5562365958047799,1.0517719571947068,-2.9376392120288903,0
2.155687043846965,1.492020898921422,1.3042459944715195,-1.199178687868682,0
-2.1477816553458178,-1.8696558659396656,-0.8754550640647509,0.004444916232459795,2
0.6040205736603959,-0.7765176588804819,-1.1753509704256466,0.933031949720813,1
-1.17580146732758,3.1332551635502157,-1.711075470911878,2.127986293994496,2
-0.3779370935546549,-0.418843552401734,-1.8389027685429489,0.8145763875285869,1
0.0034506160063541014,-0.7890560587111346,0.2926454927181368,0.6314591340459632,1
1.8139097604705183,0.889099406205831,2.447407849221963,0.615510621438313,0
0.2568210024186215,2.424230055624147,2.339642768299232,3.064675701840878,2
0.26277894067461105,-0.06044325873831524,-2.404658561293636,-3.4225011330165827,0
0.5150712730398133,-1.9631130454562729,0.9706947469408466,1.6529786079410118,1
0.5642035591927415,0.5820717337031898,-2.3596230862971375,1.087593138610682,1
-0.8095791191623999,-1.6853461721038874,0.7358538811833009,1.0056279737271048,2
0.02231051410856233,2.124850554082685,-0.049966604137410275,-1.8687243602032415,0
-1.6387322280551326,-1.829755618576298,-1.3352792772090345,-0.03577539117661843,0
-0.8877650399617207,-1.387346287848583,-1.989566889585493,-1.520068900940747,0
-0.8192496003916976,-1.1710929823259133,-2.325431117297577,-1.0323260116093806,0
-1.5423995997522124,-1.767782453713114,0.8582450409421843,0.35096792770692864,2
-0.6197773308254327,0.6085467503591737,1.3415515017760153,2.292620238162442,2
-1.4263852731706843,-0.9466009563865837,-2.30892070077905,0.906892030609733,1
0.7901312580856887,-0.6306188939443026,-1.5362751523229656,0.3114169106479747,1
-1.1688042630693687,0.8765642052507259,2.091566884551947,1.778271929591648,2
0.010957887090919938,0.4145181624034606,1.0974238648371353,0.4205252423067729,1
-0.2694624112650943,-0.22052761450511027,-1.4697779243592135,-1.9261446231082466,0
0.9895039829957996,-0.7896655841515923,3.23031487936828,-2.401826215731174,0
-1.3749507789685644,-1.210683363584517,-0.2984153465420336,-0.4761754095614613,0
0.6936919933673923,-0.3713605419278545,1.415497093600039,0.6772334092475246,1
-0.1657072923317734,-0.05711104438539705,-1.050737630084621,-2.782685413908225,0
-1.3577292877444553,-1.330552157627444,-0.18205219140464812,-0.3942643507478375,0
1.5965688456465714,-1.045852522886833,1.2188496020263622,0.9185985288971208,1
1.0256702143274554,1.3814570893371627,-1.0641119315378134,0.7079511960633922,2
0.2709924948564093,-3.175340078528949,-0.15640336794944076,0.08514673576825049,2
-2.2122294924061277,-1.7428458896698602,-1.1706673764976985,2.084521601214946,0
-1.1390224239873274,-1.135958870998404,-0.920722029165906,-0.8206272839193953,0
-0.28232851958444294,-0.7646298038911097,-1.135019673278228,1.854825716172444,1
-0.9128817353165795,-0.10543973854909394,-1.7758543708655168,0.14412602209358027,0
-1.7359611408559217,1.5407575309973192,-2.103572770292904,3.3910539700272873,2
-0.5124941581323539,-1.3040827195611624,1.0418488451300942,1.3270728227813207,2
0.5992120940545427,-2.168140736256614,0.815212634001155,1.6197390833659686,1
2.5924329244205397,-0.200007979462143,0.34235866102557155,0.5808474885668522,2
3.2745445736949765,1.8659644473368835,1.308871876766204,-0.4416951280417576,0
-0.15748555821872023,-2.543724644384358,0.7756363324508424,1.9667503486068354,1
0.27342713084464365,1.2113367705681166,0.9631011761763273,2.554014938125368,2
0.5606641715458749,-0.16598741680730345,1.2432781789401086,0.5640101741000704,1
2.7003555945479016,1.0164220810711777,-1.1466024766652392,-1.0952989431504592,2
1.3535122634582752,0.7677683846784609,-2.3726090740421584,-0.4714675174343985,2
1.7924029658192717,1.7496869712707896,-0.6806324826213064,0.2626852503822903,2
-2.3824176730654845,-1.4904306103281453,-0.5048385446199927,1.492592188875798,1
-1.8545844053961384,-0.30464841646245866,1.6244260589720925,1.3439786582389608,2
-1.4350010973183893,0.997418100656555,2.003135354547237,1.8658462174956936,2
-0.39582376027174315,-0.06239495598337119,-1.5187443776848941,-1.4160108929499242,0
1.5302878577262269,-1.4302772585444938,1.2566585488494328,1.0224056723220454,1
-2.303220769973951,-1.1211506611556348,-2.0360744363815777,1.3565161519706674,1
2.601490346684635,-0.11871916773905267,0.5672464887517351,0.4986791203240457,1
1.2067347700254494,0.40079947504394453,-2.823491511847221,-0.3167893546922631,2
1.4587505589618321,-1.5441057090408576,3.1891741201165322,0.007325004902498322,1
0.21768729379981622,-0.11139853211641326,-2.6058210493018343,-3.430055696140972,0
-1.6706103623383441,-2.751240443795793,1.2344012376821327,0.7341347662139452,1
1.5298406949419097,2.5915145846445324,0.9877255269836476,1.2168241080101532,2
3.5064502581994565,1.3965280075776705,2.3956961355257427,0.27806926073582594,0
-0.8696360726206518,-1.5454753476725975,-1.0503637095734342,1.4877691524693466,1
1.056778519767743,1.7070343830830326,0.20217110726018728,-1.641453579108923,0
2.087242148352519,-0.39000623006412416,1.1510514604514104,0.42265144288064094,1
-0.27645306818482895,0.25156882535082814,-2.0152596719466995,-1.7080425312511016,0
-0.9564703373667706,-0.3302475116000825,1.0559948105312156,-0.7493835012541004,0
-2.156823979229538,-3.0874218300613343,0.3185900304625262,-0.507096477770526,0
-0.2166322827254843,-1.553436785750811,0.7976031599873161,1.5912607366900817,1
0.6537991056249977,-0.09795577054675142,1.6512019850289699,0.5321853992219854,1
-0.34004914413879594,-0.40932608413566807,-1.4681086791033442,1.540002016775043,1
-0.32634982423524095,-1.8385236450254816,0.8632573513891069,1.5914712681187912,1
-0.7294035375566141,-0.7202784749017188,-0.9647851690849927,0.9605828171272052,1
1.9330729208357564,0.7318391701263361,-1.2131066083217286,-0.2577336062722093,2
-1.6264542718633526,-0.6577401245561335,-2.973235876186256,0.8401771811389126,1
-1.8335467210202812,-1.310991921011001,0.8072902109091178,0.6687208173042247,0
-1.2056819214817898,-0.4235699582561193,-2.012820505505521,1.0459048100082993,1
-0.6083580276787055,-0.7366471004586908,0.8096045663704441,1.2629207519006602,2
1.6675904507849206,0.41382766297662166,1.0036684038133075,1.8862656416233157,2
1.440314830892464,-1.4378292183581212,1.8799641395610964,0.6261205059165609,1
0.972457071615468,1.8059073828219678,-2.955323605226737,-0.9076778394726543,2
0.078724661837555,0.6627728052291921,-0.11549193740235875,2.514632891707228,2
3.1471638592518443,1.0301145067556243,0.4956925747917833,0.1213079900391918,0
0.5601390046156588,0.5452889584136535,-0.04772699805107328,1.0041694063158841,1
-0.10061840494573482,0.764227558103135,1.844040732241138,4.343696225709819,2
-0.4838683767705243,-0.2647523300008412,1.3510070143099058,1.6776955006773515,2
0.9612002785809197,0.5132570457562227,-1.116639002710472,-0.14921674384408135,0
0.6297991733819581,-1.8133388804320463,1.93749521496692,0.9718903205528797,1
-3.62728119871632,-1.683316269946911,-1.8071743598341503,1.7442180763879385,1
1.5817082243280167,-0.5862001534417332,1.0512862737652044,0.7957143434196476,1
-0.09472519174812766,0.00376183693707155,-1.0750703595227074,1.1019218380994045,1
-0.21243566187208485,-0.2754703834321398,1.8095562115160164,1.7991764372310408,2
1.7383788429446771,-0.9435497716626401,1.5286203178664048,0.6193859932609845,1
-1.1201726041825628,-0.5940076777257375,-1.9656059069294924,-0.2174778907427679,0
-0.05560936575047237,-0.6808166021346345,-0.8818461496452175,-3.3488790489674063,0
-0.035135809200335544,1.1528564459599495,-1.4454834940416346,0.28925292358263444,0
0.11915566753397222,-0.40401781793289215,0.4626631745555505,1.379132272524878,1
-1.6825575563337556,-1.108563545532918,0.9689812516722647,0.4254072721948261,0
-2.386510194208578,-2.144655104795122,-0.2905336820968647,2.276312184805951,0
-0.9700927980233677,-1.1266590848338125,-0.7635194654849946,-0.9932939319197731,0
2.173936131457982,-0.22136733848587076,1.3338052042395532,0.9484076251035467,0
-1.0734591500277566,-2.3922258824853486,0.08647035542430404,-0.17752508515055343,2
0.03056290778589532,-1.4567805213459146,0.2142560916036409,1.2449236619861073,1
2.441396660144192,-1.2558962004147045,0.8558974706054413,0.9881807808837132,1
-0.33782622949203756,-1.127991211564686,1.627112659518926,-0.5508499581891295,0
1.541379761383335,-0.3178155857167946,0.8595946382228096,0.8368466212064225,1
1.9343272404933205,-0.02980996951057957,2.198435351517819,2.538229229133348,2
-0.3609681263818407,-2.6508075106693654,0.5390211326905325,2.2141218063843775,1
-2.2057487890399776,-1.2886270028618199,-3.653511744338277,0.8101273223479288,1
-0.2448540227222218,0.480035901853082,-0.981342641318133,-1.5904943169201604,0
-0.19616028356625304,-0.43102739623156316,-1.445589357312624,-2.8226607958298633,0
1.6444643852951568,1.2868858985154827,0.7800885319526486,-0.020179285409951175,1
0.10435850023358062,-0.7525698143227116,1.3919705032550307,0.8043987316427669,1
-0.11869340210872026,-0.05788640728332317,0.07500117873335355,0.8117753441697665,1
-2.062805828709612,-1.6794209374336948,0.357602733868134,1.349629642299456,0
1.9442415466828287,1.061114786195939,0.6250503645821863,0.7753499417636354,2
1.0521454911824883,2.057004708984779,-2.190865572175778,-0.34766577876086435,2
-2.1027358003692447,-1.7991100801098705,-0.6747314529927896,1.192670576154697,1
1.3627093105691368,0.19265497537587772,-0.9098050596502169,0.6920398623475367,2
-0.17011985101405114,0.37863928188886653,1.9122034390662956,-1.4641044704348394,0
0.42537032004054043,-1.837869035187169,1.5828244787414394,1.266837625517288,1
-0.09297311708555533,-0.21982812445587652,-1.8549843223225784,-2.489634266351105,0
-0.9400901904226051,-2.2944754948793884,1.4416617792522843,0.5425278074442236,2
1.1866342029230854,0.8472741180390506,1.5801538801469142,2.5569419396560598,2
-2.620146816306466,-2.418494056975267,-0.6561927618085235,1.4917145043694293,1
-1.4623215953947923,-1.0566448588745696,-0.22684941107753243,0.14145519866495326,0
2.036026391419675,2.328455761210346,3.2740626108793993,-1.0258274016874434,0
1.259158305197523,0.8671411196631518,3.340357986957899,-0.350864551328086,0
-3.5697345468220796,-1.8199012437376765,-0.1256766832517473,-0.11441347410508818,2
0.8844109125702884,0.7970545334148826,0.721955997507399,1.9377888557425655,2
2.7890085151400608,-0.568630030801756,1.8267911658915919,0.1235748938703276,1
-0.037593074448251995,-0.40975165518995305,-1.9100980978896887,-2.9601427715275648,0
-0.5807927897540083,-1.2224403385751432,-1.6429817806257436,-2.4651723954490574,0
2.5216414220696484,1.476230487808781,-0.04386533299566331,0.09980648596498876,0
1.0083999915428037,1.7034973770255681,-1.2132158059933018,0.07536286554516891,2
-1.7362341026397954,-2.3525242307513072,0.3796771853085339,1.5127857420203514,0
-0.8068676675808839,-1.0349104816637982,-1.1893346547350991,0.4143114458562961,1
-1.5628830534790819,-1.0897332415658672,-1.731113378580743,1.406397616682158,1
-0.5897547358047969,-0.9747990688950932,-1.1501593050251064,0.45614117024429723,1
0.041765014625659624,-1.1901601338621401,0.28945425247578216,0.4028759907683026,1
0.11581059655443782,-0.8746491768237756,-3.731852773010217,-3.9878576314784473,0
1.8930260988647174,2.0461429560144775,-0.9604874663408328,-0.6643383401670611,2
-0.6544978832983361,0.4913516065327608,2.0519941183715185,2.2028729940185743,2
-0.25391750078177444,-1.134033954363544,0.6930237723714875,1.2771584554159454,1
1.154705177347645,1.4910795974122943,0.25219153161288,-1.2410573043128852,0
0.6216444847861415,-0.227146267814881,-1.5463785550119695,0.60865661943683,1
-0.35500023671287295,-3.0109591035380223,-0.10871373212242585,-0.12460798740825241,2
0.2602915550799172,-1.264259058930582,0.8140929124364878,1.2764151016708267,1
1.2223694781010728,1.0126300813073743,1.8989955165684977,0.2719761333735591,0
0.3868615552480482,-0.8639545136960947,1.1333254003251538,1.3086013793942142,1
0.926751456980703,0.44241687494419324,-1.2853997977994513,-0.2548665882737242,0
1.9960293280052723,0.4253764429097464,0.6701229079805109,0.44285357580285956,1
-0.4897058846272473,1.1412352493170723,1.132798446931295,-1.7085782197881396,0
-0.12237853339596605,-1.2419807476646867,-0.06542432785773933,1.0370699956108251,1
1.1003758556962981,-0.10174546825351727,-2.1654722464661247,0.8953854761753074,2
1.9813300852279956,1.6448670054775394,-1.7908897573173328,0.3898513945631621,0
-0.04584377978817944,-0.2592708538619273,3.1663465293797968,-3.335512588755627,1
1.6224515691880008,2.304767885273866,0.6496495695928428,0.0026457785173761295,0
-0.3692264842689307,-1.2907299579062403,-0.550286957800758,0.31757228386024905,1
2.2291429266934397,3.3573835542743833,0.28688720690015157,-1.9413377442517736,0
-0.33240855157469895,-0.5354590662103891,-1.8141270038150419,-2.102598241144819,0
1.8286886952494115,1.2247345932325024,2.701775862377971,-1.237400163563848,0
0.41322976967671055,-1.550198230463901,1.061008640435492,1.4634737822127288,1
1.3600641464521503,1.2723438685340596,3.7934931742278684,-3.174203351066435,0
-4.24106326668051,-0.9947621794708938,-4.336792708051916,1.4252627310162074,1
-2.2901584711917744,-1.8914156841687761,0.7462687584018883,1.4010005359421953,0
2.2155845335579656,2.0340922106900567,1.3928275524870861,-0.48128635357410887,0
-1.9544611716603235,-1.9959035696706877,-0.4069336805370499,0.7969950248961473,0
-1.3711399587538002,-1.2043465732502014,-1.9574023348921532,0.39099274403903017,0
1.8583080454067478,-0.18319539014865738,1.7638195713044733,0.37596624378968047,1
-0.06714037151482954,-1.472940037783597,1.2066587657945318,1.23965589694891,1
1.4490351340980316,0.17384171624057176,1.6734482469128897,2.487409316833217,2
1.250332326603764,3.6005808899902094,-0.8091771820425531,-0.6227222912658357,0
-1.5089606241011861,-0.18436736112057805,0.024017197026867887,1.0730659061387071,2
-0.8353810169549243,-2.4489762298544733,-0.2528306096099524,0.5105303753383694,2
2.021651041197846,1.0319831417634389,3.8270437561612485,-0.4150065905908762,0
-2.1656745179364743,0.42696563086358275,1.3943104272902378,1.4759054672012795,2
2.221625108609599,-1.823906659492399,1.1213760451358048,1.0050871269198969,1
2.0005694770037876,2.4086617673054125,-0.676236234080553,-1.0710942810332291,0
-0.21954199938929442,-1.5169272973937986,1.611419821336876,0.9384599790642868,1
-0.7499372177825026,-0.49580192984249716,-2.7932283994865497,1.7005950160803187,1
0.24472687333695986,-1.2769332775645263,0.7955205962188402,0.7660751444544727,2
0.5008698778799736,-1.5785992654585328,0.7658844290176559,1.7286182413410407,1
1.384495731902383,3.21770800440724,1.3147829941666858,-0.27712484211206045,0
0.2705633477654239,-0.5421130291243816,-3.6314575915329366,-3.835453095333611,0
2.49650784240941,-0.39628356102673035,1.4176599530499372,0.15271398082268572,1
-1.7584413570613384,-1.8576376047341583,-0.35940002077184907,0.30437480217575597,2
0.2457712063953913,-0.08712012361386678,1.631553674657435,-2.561615596750365,0
0.5477766390351815,0.22151515963876733,-2.030251940303125,1.6925490951073239,2
-0.4329635599023449,-0.821541393358965,0.995987507376879,-1.2725720987128317,0
-1.321689679176995,-0.9204411145860236,-0.11541607069589166,-0.27740619565687574,0
0.4075545411347665,0.666775606792765,-2.6528518651823143,-3.098309791690793,0
1.369976983523153,0.9570066776157043,1.9159004677582694,-1.178434898347849,0
2.9832333054207227,-1.059053145351066,1.327354299469903,0.5557153358794229,1
-0.26715566039521743,-1.5805055292530674,1.365883829476553,1.0144914046281117,2
1.3467072053512954,0.8689001827053631,0.23027922815978208,1.292507488565987,2
-0.8342980891817973,-1.8419426100175822,-0.9833964839041649,-2.678341195262548,0
0.47115195719050507,3.11753288190073,-0.982090549182657,0.5493791446988441,2
0.1126895048643457,-0.9671219694935883,-0.19294842639728516,1.1198994045868322,1
2.1739470837348103,1.1158950517425765,-1.2587644765116353,-0.2595107610593974,2
1.7078829414869452,-2.007527225679336,1.901996533580868,0.9667753419594867,1
-0.6961703680725195,0.9394000224177548,2.2735454616965174,1.7641395573273384,2
0.9465954646172857,0.5441234866784415,-2.0423734624726944,0.7983221751358934,2
0.2149637505669949,-0.18073436241153518,0.30043580005136594,1.1150821974027736,1
-0.34677707340240893,0.16821320665979167,-0.8055578440758284,-2.0596265192376233,0
3.077271679524477,2.5157453811208934,2.232368596459377,-1.0157920346649423,0
-0.169782707094978,-0.45075112170178666,-1.7192612763455344,-2.959170901071492,0
0.3298541417153822,2.0193309289432877,0.7570184851616435,3.7154933855275565,2
-0.9387882338409257,-0.5773553384408447,-2.6436713300006423,0.07555173209676269,0
-0.007773894724432129,0.1348138522248914,-1.333191867829711,0.2806293489072136,1
-1.3155723659086775,-1.4389448106496487,-1.0466046751157625,-0.727546846563672,0
-0.7833370911718598,-1.5719678985450742,0.6819681714345334,0.8073434256720802,2
-0.7306758596493304,-1.0073175851105638,-0.7095947279072667,-1.711082939545552,0
-0.5643853966602759,0.8046556342774809,1.453011742829353,0.43776073031384066,1
-0.7465545006637764,0.4630749548183585,-2.66573546183928,2.532262878253543,2
2.6066309706737485,1.5903111444993976,0.7757830920346913,0.12236385369634073,0
-0.4206703466765469,-0.700378169441029,0.70621787235292,0.958725223760025,1
-0.9475881334563104,-1.7216471825892432,-1.7951370512569054,0.9825493050296783,1
2.063653576983219,-0.22119432133742678,1.0338613328490545,-0.4444598661616612,0
1.833991642014577,2.114349809836683,0.7353817738449588,0.6703718743792054,2
1.4544712475809363,0.5115447491724648,0.987247741009965,-0.7628404962907589,0
2.6798129409943074,-0.6336036030945091,2.0649277036246643,0.07529759845845585,1
1.8149851642232318,-0.43178241320453825,1.3610481440461728,0.3788447821047227,1
-1.6912462584577512,-1.772897024742074,-0.8053901779874983,-0.14565912960752947,0
-2.5069348250836967,-2.8148828648545337,0.16218977153636782,1.2125473429844833,0
2.6594858259129577,2.884281272209332,-0.7392907505524822,-0.6130083612335075,0
-0.5744963829966937,-0.8097295377823911,0.9552024089429946,1.0500103069919497,2
0.453089934096495,0.9110857010545662,-0.029040830483307856,-1.503404220059513,0
-1.5734596192635029,-0.7413213245739038,0.6834578365002986,0.6825633125604488,2
-2.412421204900933,-1.3157800630772156,-2.3170399147418816,1.0713370784332417,1
-2.272518385084,-1.8931716706746993,-0.06478162270705279,-0.04434575693509091,2
-0.8031276035348568,-0.6562012958867764,2.3124346191401024,1.6016278914698023,2
-2.0638332195472016,-0.45629990138829335,-1.8184874410958538,1.6050016420522886,1
3.114460341965145,0.753224453540866,-1.2711610189682687,-2.0199444875571375,2
1.1110911716010092,-2.596773534524436,1.0906319414936232,1.61355162622,1
-1.1131733674260513,-0.9287152673724647,0.44784149619690305,1.0146552975195366,2
2.196786950481561,0.1801518312835706,-0.424095662096849,0.5679505911893759,1
-1.158882064128368,-0.6372066827025548,0.07552684149012423,-0.35039842071952076,0
0.6090276765950686,1.3141101502502444,-2.5037217440343094,0.4863190170495634,2
1.0082153891371146,2.7830947344286305,-0.9750957633019293,-0.9021571978292954,0
-0.8490130364035295,-1.0716924988878052,-0.7750866718567307,0.6089764079538312,1
-1.5072991913405525,1.3605971354528348,2.501794928016812,-2.1127551064430024,0
1.2057183610472657,1.4092993207037914,0.6060535043389658,-0.8643055659697667,0
1.5443518006152248,0.010124609906934756,0.6790054308025368,1.7340740325336508,2
-0.959647795553854,-2.7394260783376145,-0.05408208238626422,0.2529780969226141,2
1.64777572700427,0.9329630734869907,0.614765296263045,2.3044634246629183,2
0.15546201716281116,-1.4221840846607798,0.061814216143450285,1.1364280552999912,1
-1.125234184232984,-1.0210564758740197,-0.9502810692863072,-0.7126854276685276,0
0.9047586221049232,1.321896476958499,0.9280006357946349,-1.8699788243943283,1
-1.576575598816387,1.1412753618594969,1.161610832146669,1.9131327742119137,2
-0.0008093844467549349,1.409167575929256,2.2337613752633154,2.5025036402052643,2
0.13258934890702012,1.8221202016568965,-2.1201627986159064,0.7664065987140253,2
-0.11285383708559715,0.4089911371805939,-1.2169114962099425,-1.209360619428337,0
-1.351782408476867,-1.16098060198497,-0.9537361630222605,0.10296629460269169,0
0.9920187799958087,-3.8794846011439845,1.647998968829369,1.8519712149027483,1
0.7913927545739887,0.47545642062559024,-2.128564252381678,1.0157981944113295,2
-1.3577498394234007,-0.5830054024962723,1.7357904688343013,1.4612416849765557,2
-0.30127005001803153,-0.07954248336871861,-1.8155900969078824,1.3695287846045234,1
-1.4980989366883652,-0.8374059105163749,-2.686347494306265,1.2866342476438497,2
1.1220656347653253,0.5485712397591432,-0.9157885173487157,0.3909369284626427,2
-1.394839472913555,-1.4578969938619513,-1.1891284449681412,-0.2764435309326043,0
-1.5238200429687818,-1.5368022630244056,0.989788515360923,0.06219515437154688,2
-0.000895349052011718,-1.4534452475497601,0.744326662280524,0.8321146779831687,2
0.5273559327094886,0.6012615824862388,-3.3301865340828916,-0.16500797622355012,2
2.66996559019895,0.8104010091779505,1.2284213877278942,1.0062296768231558,1
1.7571232738706835,0.2890953525572181,-3.3970727938679053,-1.0807058852695794,2
-0.81468886331578,1.8978678896745627,-0.15073766911699904,-1.9653337509053947,0
-0.9722209628483306,-1.3152190084125368,-0.9001246755696732,-1.8067508531529075,0
0.8884954182204647,2.777766503235787,3.6771838354423068,-5.2248196624209635,0
-0.9295055522487686,-0.8362250583029412,2.0356091846582283,1.5625797287855865,2
-1.931304280122296,-2.103932963957111,-1.113684611944343,0.530304479160318,0
1.0845336882418186,-1.8409692692283461,2.0936539184532306,0.0736939683115776,1
-0.829404151310673,-1.8479987275028589,-1.2353415430328756,1.0432156850652585,1
-0.3117345346883813,-1.3886597179077471,1.0490138022824673,1.428334343117363,1
-0.5952185071496083,-0.7331339608726416,-2.4380608718795753,-1.7029115925271716,0
-0.7107400442502595,0.31890024434929254,-3.27908720424956,0.3979461776531782,1
-0.6185761309922111,-0.38871531418795224,-3.02082889846682,0.8555570883568224,1
-0.469749939914887,-1.2340189543765887,0.863193973115426,1.371390152046332,2
0.052214161484355204,-0.6884047622937111,0.1353544321153134,-0.1729763750656016,0
-0.636907893835821,0.15046817492548703,1.3067336432663952,1.4174615885600303,2
2.299423915773997,0.9124823587395974,1.165351529762187,-0.1947908561407501,1
0.43140163512029384,-1.2115619796794872,0.4610840775788636,1.1298527604294801,1
-0.7672182385620183,-0.7605524861519797,-0.7175265744552382,0.45633172506214004,1
-1.0509139657128794,-1.4083997296218371,-1.542552785229664,-1.2227894988868746,0
0.6585691926105046,-0.5564707412121841,4.1631423187532866,-1.5000861045976255,0
-1.6305378461469227,-1.4234910770654787,-0.4016594425991612,-0.07887234694521472,0
0.9772625823462114,2.2218479784751795,1.585225614277027,2.573665351583686,2
-0.17909241548949417,-0.766984906055066,0.47274881297869886,1.5005249081142753,1
1.7998955309180908,0.7198065326316668,-0.044515272556711505,1.0220636243492014,2
1.517505567176297,-3.061785569356021,2.2279473637650753,1.3675558256356246,1
-1.0242430161080893,-1.3523898736030842,0.8590662489817583,0.7009085956459472,2
2.423239123354302,0.11421963537263258,-0.35152674734764255,-0.002791360298351142,1
-0.21896421752453588,-0.19760623319917603,-1.3353162077113356,-2.520270510451958,0
1.7950236509218107,1.4686882534152075,-3.3121955073290548,-2.1268250996307114,2
-2.710603257302603,-1.8182743650331363,1.480414878684655,3.08326278265704,0
1.4689587583699437,0.66803350600639,0.9184111374770071,0.2381882331626186,1
-1.7730010821621072,-0.7257564784537297,0.7268429793671184,1.066718935316298,2
-1.22170710352583,-0.19990838580246306,-1.3602863254944464,0.8296142804293618,1
0.56512644808584,1.5228872934553073,1.4901304062954512,3.2684368119648077,2
-1.39539907693125,-1.1072098270304023,-1.6917277085239975,0.6056392908586758,0
-0.6398045796833295,-0.15320217866080388,0.13010859766314553,1.5040968246841913,1
1.5271342900437719,-1.684936240752351,1.3141191930953762,1.1096718722608698,1
0.6032952028194563,0.46026486419347945,-4.001144617457419,-3.356790274466379,0
2.4553935158721294,0.2679677693980691,3.1603074906509008,-0.6400826493115968,0
-1.9817711986691475,-0.7268762757463106,0.8414011614802263,0.8807727550233455,2
-3.987408438002111,-0.5890831385664792,-4.9569376719194524,2.122252629939327,1
-0.18846485988680572,-2.2552602599592806,1.02334375766333,0.7513968523768818,2
-1.9738553728636794,-1.3880988373415137,1.0137839066896501,1.0081909617056337,0
-1.1467290460900832,-1.2716684395854756,-1.1155488316400377,-0.6867831383809482,0
1.7709406093673394,-0.7442972836067048,-1.652640277130514,0.820670094319363,2
-1.6443320164731747,0.8675595828480129,1.117683806165369,-0.8694246603500091,0
3.5284953700476946,0.2479557351848124,0.9854612244814436,-0.694952843629522,2
0.0858671355598053,-0.795531771581278,0.07570152396513485,1.3949758189318175,1
-1.6827217289247203,-1.5676727451167227,0.13552960547357085,0.034548828260239306,0
-0.494983510510143,-3.009698704702571,1.0827958648966076,2.199713511401905,1
1.4213109735320788,0.9944228080251941,0.8782850317233362,-0.5514046904755565,0
-2.3620755340176736,-1.1873871557317814,-2.297425098429323,0.8119104193375415,1
0.5528954239074966,-2.079638527840934,2.043173990863626,0.27177307677989104,1
0.07417598316692198,-0.7651254852766571,-3.0464182378824134,-3.811380137125565,0
1.8466100364326838,-1.4073503689790683,0.9256978030573914,1.2335949410074205,1
-1.2950238547755268,-0.31138818208265606,0.8118667105042247,1.4264132555669926,1
0.23132526912740836,-0.17126332726452564,-2.407063165300683,0.3396722854431232,1
-1.3213151441502249,-1.412268352867149,-0.776146555284887,0.8388088945349854,1
-1.228782986608988,-1.6786107616696178,0.20176290367721605,1.9357349337187129,1
0.7968972978795152,0.5447818962614416,0.5741379973751637,-0.6488751915695687,0
-0.7243311643370298,-1.0418601904423768,-0.13373398294415972,1.8013235580378033,1
-0.4048083318146176,0.31240606992887154,1.5608639490887635,2.237075912163226,2
-1.67779712069705,-2.0652702540748376,-0.3520598324389952,0.4954001492614538,2
-0.22444395798802053,-1.0535256878792971,-0.28833778238355623,0.9791564379200456,1
1.878285242052951,2.8146984937495922,-0.08275466658621267,-0.5854245446045874,2
-1.287982994990509,-0.08255101231882134,1.835629126290773,1.5693665926035816,2
-2.8202623735376693,-2.257301515188386,0.571710959662747,3.050355710356003,0
0.45110513095692006,1.7787915788083413,3.687252763289255,3.8320170781932443,2
-0.6633747454361278,-0.6933703182917489,-1.4821977683583172,-1.3998080251730867,0
0.6519364987351915,1.3925413775035995,-0.14895905522868702,0.24267245322160047,0
-1.9304961644148773,-1.4217525347006612,-3.420677811062139,1.2153255904131979,1
2.265442683444983,0.8203643427883536,0.492152838202113,-0.7812035196864237,0
1.4500897159886557,1.8852832443655783,0.516880169976623,-0.04789241282461809,1
0.6878754064415018,0.13947574657798523,1.075812698905078,0.4085645838775672,1
-0.6349617870564284,-0.3431591406529544,0.1688963053879674,1.2859854026419753,1
-0.03385111207030733,0.47337305463705626,0.24169824247577076,0.8883722649566415,1
3.2615848694766125,1.3904172319824428,1.0127880081854872,0.26578421640357996,0
0.8828522289475347,0.926346069523427,2.61579378526119,-1.561845956504755,0
2.3949362677818735,-1.2841558722153543,2.8060012774309633,-0.17910239034129605,1
-2.2555181592982203,0.6385115906559444,2.0693632746568134,1.8106030898314724,2
-0.9619137413134338,-1.8434031574130958,-0.44826042659391696,0.9275879624914123,1
-2.9045090890094176,-1.2709884579392612,-1.4488681933795169,1.8776103565858946,2
-0.5630388861751217,-0.14352959396783183,0.03884026812806751,-1.6783008585997892,0
-1.0828784501971667,-2.0205780404589557,1.1057588044081716,0.1974021271880394,2
0.1912259170542191,-1.3313717508849323,0.4146362687722507,1.6313390666771899,1
-0.6949389083389038,-0.35609618046656044,-1.6144715294688554,-1.2935927575339723,1
-0.20728875513732403,-0.7105872898526173,-2.513492590757507,-2.853783145408928,0
2.696140770873434,1.0692250249100654,0.22546704564062248,-0.3517815815148997,2
-0.4995785566523786,-1.1619871545656844,-1.704841382962649,-2.5271955144904226,0
0.19906222445605548,1.1905520068354984,-1.2157911163188482,-0.5233011623625375,0
-1.588485773988896,-2.8468538607247442,-0.28005506179451545,-0.2664805564581936,2
-0.057508530589456264,-0.1633193693993833,-4.853612026281712,0.27444214444585047,2
-0.17827570099139667,-0.734010237088887,0.2679893809841387,1.6807077742744159,1
-1.5465312322932245,-0.34767896903094353,-2.355525882904218,1.3063527249152513,1
-1.2208391950088888,-0.8470019604994832,-1.531986828203222,1.5057758611983623,1
0.5774671493339781,0.05125518431574816,-1.6415939560557926,1.434135098382415,2
-1.5761112527989622,-1.8740334572599753,-0.07396830719307101,2.561406308109535,0
-2.0677505537624086,-0.4937516824055117,-2.1515944006059313,1.2175081879960636,1
-1.5490775928858482,-0.8604854156421841,0.9757512125798001,0.9096764953016612,2
0.9966500070790514,1.7903229580850843,-1.7979322966100508,0.2069360938089546,2
2.0313430808600863,-1.1871601788296404,-1.0650036422328084,0.4533785283779902,2
-0.07831376090018516,-1.459898759071567,0.19057679092716162,1.5994056602349902,1
-1.3401845257872833,-0.1788209838558079,-1.0676732810906269,1.0675611537177678,1
-1.2298740977095572,-1.68675197038739,-0.11744453638211794,1.0270825387702067,1
2.21790425094657,0.3634801142424102,-1.5675630579714877,-0.3301255714288611,2
-1.9649404952106764,-0.5476024287477779,-2.5428413240310475,1.1169634570961373,1
3.069200235703245,-2.3265628477188423,1.4142598241506548,1.0695872273653084,1
1.152508244679561,2.6965135545468906,0.10981420753665283,-0.933525584581422,0
2.5032753764973825,-0.7898613568869498,1.1926985595054411,0.5142998082229652,1
1.2301719314350283,0.3859226945110332,1.4916152975126824,0.012735589582781759,1
1.279651359451485,-0.7189717752686517,1.471185617007131,0.45605007243393136,1
0.7613975527394352,-1.5634492864005167,1.1653240916292544,1.3401612965530798,1
-0.2590212783648477,-1.845665206834124,0.6659012780000211,1.1298447596937187,2
-2.16394975232647,-1.8339201656173723,-0.8163375690074692,-0.21187826477936333,2
1.0376831440154688,2.073070404867519,-1.4387456751237582,0.37547676199277324,2
-0.7312292412324032,-1.1571508585035466,-2.2575455052628444,-1.707903915172572,0
4.137785212475864,1.5809650163458073,1.1300573025227474,-0.8025564614403904,1
-0.2295900595041359,-0.8915432316562887,-2.4726010254516058,-3.017389517529488,0
0.6918330423566532,-2.381905672572541,0.9286979892453422,1.486564404388639,1
-0.18772119508719243,-1.002679168611314,1.1715139438945026,0.8516075749555103,2
-1.1545113412995085,-0.47272332638352577,1.4141771285090188,1.270094610966498,2
0.983961353573102,-0.40107323769362024,1.3732543089545113,0.4396380201261263,1
-0.670318852245144,-1.5559518907774696,-0.024303104554939337,1.9354698936050267,1
1.768021031316739,1.4268882549329414,2.675988762855001,-2.4250861991358152,0
-1.904370190271515,-0.6983150833283996,-2.227318402652835,1.3556674218112232,1
-0.2840492675771479,0.06326593510687584,-0.6292351993934784,1.240697199308723,1
1.0441603513000541,-1.501279566143201,1.4214999197974156,1.1526416179227132,1
-0.778629596802821,-1.2919763593441143,-2.365929101794192,-1.457874525544512,0
-2.5284840226183833,-0.6633147243651227,-1.0717769296592057,1.4005396202714713,1
-0.9750234664068578,-1.0162779773881738,0.7353980965761999,0.8279341303484098,1
-0.4146957832022484,-0.2709784880874937,-2.1511989981085398,-1.2960363470968874,0
-0.5902144668887703,0.2974130565098614,2.326073986682048,-2.221802292111003,0
1.8460740513740153,-0.09009846667016075,-0.045553166520995614,1.8521170392010133,0
-1.8403030346238456,-2.290655299412661,1.1412798532901263,0.14944911422995377,2
-1.9299421465090876,-1.8701533792408886,1.3598568694736972,-0.4578256601409465,2
-0.7107916965370107,-0.37759880399537216,-2.353074096126769,-0.732133349971017,0
-1.246386326430528,-1.0330859644266925,-0.6830592138115146,-0.3833844392249802,0
0.73429741660187,0.016591606528870484,-4.044225724064068,-0.38659711674770714,2
1.842243822604407,1.3085562924130163,-3.4724519425129574,-1.5025466166841857,2
-0.4733053666614646,0.29174962907888,1.9133317183815024,-0.8933870635037664,0
2.2840781654893743,1.9898700321264893,2.0676798158221494,-1.716110976959509,0
0.8286591752936167,-0.03070159742563039,-3.2734455864341383,0.6709970770102566,2
1.0559773344989605,0.5524281536188198,0.45900882806085674,0.3125932043038918,1
0.6251238137848691,-0.15801527335156051,-0.8856800042499438,0.6906131600868203,1
-1.3573467541820199,-1.3941093462718395,-0.8526393915027942,0.97253251666457,1
1.5735174896230797,-0.49538882029157905,1.2063223534255172,0.4965623102893596,1
-0.7308137632842702,-0.33098986462016244,-0.3637920659734506,-1.0478282160116756,0
-2.4780984329290208,-1.2660419650200851,-0.6854512236035311,1.3264794602634353,1
-3.3146789796107674,-2.51221011891706,0.14797735456005112,4.229655370513997,0
-0.9057786437874674,-0.03812080100833515,-2.1915802010299323,1.284074033125572,1
1.2962796773826355,-0.6686263186218038,2.363443442789568,-0.5518222048797938,0
-0.5774706659703944,-1.1787433776209657,-1.5374375865173637,-2.702075536121562,0
-0.6539241211316874,-0.024440289904595902,1.6692679881258157,1.9171363143172095,2
1.3264951912315863,-0.5207722548356015,-0.724899715803712,1.2707291704475423,2
2.1759726901971037,0.9209048090519676,0.6926746484953286,0.6181578771940065,2
-0.38636913266062467,-1.2963895250077901,0.7078985297200716,0.8877752914281567,2
-0.8044404426076118,-1.4814839140109886,1.3308094919823703,1.0979534591423512,2
1.1276611988379195,0.14190441672929266,0.579726352791645,0.6325574082430503,1
1.1376040909511014,0.7238866326765339,0.8159869114834759,0.3771413879498713,1
-1.2645828908737697,0.32727272510006045,2.2913638297659844,1.388225669331824,2
2.1324257514828595,2.2076433642776396,-0.9598277072718806,-0.15811440502397356,2
2.43156514662385,1.9530302996640074,0.8491358231289379,-0.44811966681265947,2
2.3337375792699615,-0.6962481006659809,-1.8450770883276157,-0.4795723797936542,2
2.272175007806605,1.054028378761862,2.243386108357224,2.0332644805884796,2
-4.022053697004387,-1.8836844307869625,-3.1776120657945714,2.1476670810146516,1
1.6468302205591017,1.6503005179066341,-0.12369561731331635,-0.16531537171295863,0
0.6839541454591667,-1.7697636062190591,1.0072270881692278,0.7624523431707821,1
-0.9654085691400949,-0.1131009041290536,1.378517789811966,1.2624617335616781,2
0.6353510983477699,-1.2726989548894134,1.157941185020905,0.9256693858181887,1
0.7243211245677434,1.9480297335688557,2.2047198890399087,2.951625499545218,2
1.515984058524309,-0.23434024639501017,-2.473945961880897,-0.307152344649523,2
0.0505830331312942,-1.2585726873834744,-0.0028811638490623404,1.4312497886251454,1
0.17406541664809194,1.1000056071428728,-0.5458035865762964,2.66614204832671,2
2.257231008795697,-1.578097350166165,1.5924836820192763,0.8374550713809885,1
1.7585224594221625,2.811989708144338,-0.06795791716941413,-0.15811506826660038,2
-1.0962234013446603,-0.9035921213139483,0.1309834599909303,0.6277019542634499,2
-0.18475227284030937,-0.5160536012274588,-1.4062625313478732,-2.5550331568327005,0
-2.356220968300751,-1.5237795244586438,-0.470851011566062,0.5051366569583295,2
-0.4229328341846881,-3.0383816835304662,-0.14126582443948843,0.07875752449729456,2
0.8672012273774146,-0.37705609133787377,1.0836629606946584,-0.7477322385061403,0
-1.3988625408003064,-1.543030338599367,0.7866853629658411,0.6445032150054099,2
0.15623744376978532,-0.9097078081535255,0.8461466446173065,1.14075061675532,1
-1.9558394646715918,-2.0630439489089696,-0.9387225527503396,0.43958851884544403,0
-1.7416497112981721,-2.7550057712673603,0.45275333650051275,-0.05387933985219706,2
2.026383893470542,1.9074316614610305,2.476698839589903,-1.5504203142248072,0
-0.008467544492733348,-0.6373248456017031,2.2791253000743517,1.4561054985965765,2
0.03500173505052784,1.8808997597503734,-0.04185362050332242,2.605981184008427,2
-1.5651310937287242,-1.9924846585625122,-1.3114883962130661,0.9144968388331054,1
-0.5828988730975305,-1.0470428816695128,-0.8907424927719857,-2.314731160381715,0
2.760601901728604,0.5682509941724729,2.5938581921278647,-1.7247533904320016,0
-1.5010817958272806,-1.7699538512502309,-1.3528536073247002,-0.14828598594213926,0
1.254588953491897,-1.5360085714180465,1.2067350135335626,1.322037043915677,1
-4.0211467839031325,-2.3025568967086207,-1.2016901838382665,1.1861274709949803,1
-1.2886424340331306,0.611415564713973,1.173993986269282,2.02003507325304,2
-1.0297939544513317,-1.0638665142586867,-1.4930103600849243,0.8886479309951865,1
1.689303930627235,2.1669149051709358,0.43642504902327484,-0.22654026661447002,1
-1.3879870092883182,-1.4094281806856448,0.7089444857198193,-0.7047559139547882,0
-0.4906635619062738,0.12226934480032137,-0.5427904329252801,-1.355893315201107,0
0.5220313389133822,-0.030045846973125068,-2.1350432222416735,0.6363731077852381,1
-0.37713301757667117,-0.8884133268372406,-1.710588662806095,1.124421628371782,1
-0.48680305750321673,-1.3967104153117877,0.3165152795015025,1.0639489679045435,2
-1.209445057352933,-1.6278530506315114,-0.5809370188774226,1.4695081142738955,1
-1.281519358046531,-2.8961608805585373,-1.2873569095260216,1.137668324670867,1
-1.1414899042461344,-1.2055298936313934,-1.025347814977891,-1.1032603726310866,0
-0.6948979747227196,-1.5331590855392103,0.6200341383690022,0.8900798150974452,2
2.0797736946414807,-0.10699967839516011,-0.508505742855508,1.0901881486567022,2
0.22475496599792155,-2.1864475282162323,-0.03615547489799442,0.42076354008042216,2
-3.298852988358895,-2.0545795534951243,-1.5119425964458593,1.3013484372028492,1
0.40868556318961713,-0.632199648235216,-0.5415941862530214,1.1450147543474463,1
-0.04176613970856535,-0.3185971514121688,-2.7178520104467196,-2.9472500384018123,0
1.1489774486222486,1.422936692969165,0.2652003034649939,0.5782803160643397,0
-0.7763394701301292,1.074026472997497,-0.023812762255541298,-3.179479567839289,0
1.1136836528282628,-0.24372622879186823,-1.5833540605701153,0.9664784775879438,2
0.8505802692931761,1.5090537629500362,0.9696636359499815,0.15192933622147198,1
-0.3134751703823362,-1.529512681526731,0.7018969326292792,1.1638044860862218,2
-0.2640851409318421,-1.6265070832117707,2.317508311331289,0.6543156181156149,1
0.10504309959684144,-0.41347881752676874,0.9239607922713409,0.755863326601459,1
-1.0004900599007043,-1.3335492157572846,0.24236773514826404,0.5425259288976281,2
0.7514379883556759,-1.0405236918743612,1.2922409761922484,0.8919560034414893,1
-2.1745272744151745,-2.4754266527817452,-1.1283232567783246,0.7287834100590016,0
-0.4048070967464703,1.5645544719891966,1.3029404257376311,-2.3971568373846135,0
-2.070078043141311,-1.4585845949962923,-0.25954234209885607,1.838987132271221,0
2.007114479670501,0.4936588490233498,0.6176518957838175,0.21546904648160448,1
0.657462397982194,-1.0953247138377935,1.1293716562291967,1.121730098093753,1
0.7845613046644306,1.4660127684879098,2.6230871273557153,3.6084594133398795,2
1.9995494286885733,1.573216064663762,0.30209923559418783,0.4762849989320064,2
0.24206362033921414,-0.5361604578107851,0.7130057750070936,1.1369105597497458,1
0.8169703964719379,0.979440507404508,-2.492423205143116,0.13040716379759143,2
2.3638317840149505,-0.15824397181544436,0.649111131890574,0.26156060168677076,1
-0.946118910473156,0.5746007239377429,2.0687243753298334,2.1845763575408244,2
2.187053237707935,1.4556935787146132,0.14964051090962505,0.8769799564292273,0
-0.6194367855063183,-2.586115548465968,-0.031685229247591096,-0.17003292048092167,2
-1.9570945280342489,0.030854948064475973,-4.653280517616113,1.0313696671108668,1
1.5837661537816232,0.9146146346003123,-1.2246787885486685,0.5709946462588638,2
-0.5802237681321494,1.3684079429511096,0.24510285371924367,-1.8910099172963946,0
0.040953070588685136,-0.7815551913976704,-1.288429382334371,1.4447817965425684,1
-1.838120858432712,-1.514429570664916,-2.182823988208784,0.7865830884299088,1
-1.0249378546064685,-1.1241673430948078,-1.9097148524978875,-1.0591475578313458,0
2.367547463493323,-0.4201535067915768,1.3979639234400676,0.3169810587929961,1
-1.9866428541569419,-2.0115043120626686,-0.1854116674883921,1.438236014469663,1
-0.35737174998132204,-0.3155304741609264,0.6541305093682557,1.2674083509485088,1
-0.9231968796173213,-1.126783371988846,-3.0415250992196468,2.5085560135209666,2
-1.270301624401587,-1.6919778942465218,-0.24516672057351085,-1.4395822668277187,0
0.6846114758922733,-0.20829825800132196,0.8626945784583618,0.9712021245824705,1
1.128289319238477,-0.0493235599142714,0.03540288969377192,-0.04765112728390708,1
1.30827276462496,0.6285989198763211,-3.4578522856409757,-0.8895490545937004,2
-2.57678908808082,-1.2077018511299211,-2.020682163260423,1.4508041251028796,1
2.480848641168124,2.0826878714421087,0.5550471563296393,0.13410271583624778,2
-1.6253624929048032,-1.1404609079151034,-0.760370850904232,1.1075269699009636,1
0.6978865179116922,1.522461513315184,-0.39683253591541634,1.6199967762438827,2
3.2236016639382696,-0.8380677245678441,-0.8972077667520435,-0.38383615338910504,2
1.4401112425501341,-1.0235386066267778,0.6084336856854771,0.7165964958858763,1
0.7443480419847834,-1.6961577384865034,1.5521225005148631,0.8578792788363468,1
0.5220036491789481,-1.6794483145535983,0.17484137527991683,0.8778762691563187,2
-1.3200184916275455,-1.5512779321773573,0.7162203847739117,0.37668603055403804,2
